A,B,C,D,E,F,G,H,I,J,K,L,M,N,O,Class
s,s,i,t,d,r,a,q,e,j,h,r,c,d,h,c3
b,n,a,g,d,d,h,g,h,d,i,a,o,b,l,c4
b,j,n,e,q,c,l,j,f,q,b,t,o,p,d,c1
p,g,r,p,p,h,b,k,b,q,i,m,c,d,k,c2
n,q,m,g,p,d,l,g,h,h,l,a,o,g,b,c4
i,p,k,a,b,g,q,k,m,d,k,q,q,o,b,c5
l,s,n,e,k,a,l,n,j,i,b,s,o,r,d,c1
a,q,d,k,q,g,j,k,m,m,k,q,q,s,d,c5
s,f,j,a,f,n,a,q,t,i,g,r,c,d,o,c3
a,j,s,g,n,d,f,k,h,h,b,a,o,h,s,c4
i,f,c,g,g,d,g,i,h,g,m,a,o,d,q,c4
e,q,n,e,b,r,l,q,p,t,b,t,o,k,t,c1
m,r,e,g,o,d,m,t,h,h,s,a,o,c,f,c4
c,q,n,e,s,m,l,k,m,k,b,c,o,n,c,c1
s,q,r,q,g,a,n,q,i,n,j,r,c,d,t,c3
f,g,n,e,g,g,l,j,s,l,b,g,o,f,p,c1
p,g,p,p,q,p,m,j,b,q,s,h,e,e,i,c2
p,g,c,p,i,r,h,d,b,q,o,t,s,i,s,c2
e,g,n,e,f,b,l,b,l,g,b,e,o,j,l,c1
r,n,n,e,r,r,l,d,b,i,b,g,o,p,i,c1
j,f,s,b,m,g,p,k,m,s,k,q,f,r,b,c5
k,c,p,a,p,g,d,k,m,a,k,q,l,g,b,c5
b,e,n,e,m,h,l,c,l,r,b,p,o,e,m,c1
f,i,r,g,e,d,h,j,h,m,c,a,o,g,h,c4
s,q,e,m,b,d,b,q,n,t,k,r,c,d,p,c3
d,i,n,e,d,c,l,j,r,s,b,g,o,a,g,c1
p,h,n,e,t,l,l,q,k,m,b,m,o,s,e,c1
p,m,n,e,o,j,l,a,f,o,b,g,o,o,d,c1
h,m,n,e,g,m,l,n,p,s,b,h,o,j,o,c1
s,q,q,t,f,f,p,q,g,n,m,r,c,d,o,c3
s,a,e,d,n,e,r,q,l,c,c,r,c,d,g,c3
p,g,p,p,o,h,m,g,b,q,f,q,s,r,d,c2
p,g,f,p,o,d,h,t,b,q,l,d,i,n,o,c2
p,g,q,p,h,m,q,p,b,q,m,p,g,n,a,c2
p,g,q,p,r,j,r,m,b,q,h,n,m,e,d,c2
l,s,m,g,h,d,o,p,h,k,m,a,o,b,i,c4
p,g,t,p,m,o,h,a,b,q,i,o,k,h,k,c2
s,p,q,g,k,d,r,t,h,o,k,a,o,q,f,c4
p,g,t,p,k,i,p,t,b,q,n,a,d,f,j,c2
c,k,l,d,n,g,s,k,m,r,k,q,c,j,h,c5
q,g,n,e,a,b,l,t,p,i,b,s,o,g,j,c1
n,q,n,e,i,c,l,e,h,l,b,g,o,b,n,c1
e,e,s,k,s,g,l,k,m,q,k,q,l,n,j,c5
p,g,m,p,l,g,d,i,b,q,n,j,b,j,o,c2
s,o,c,r,m,e,l,q,b,a,l,r,c,d,g,c3
p,g,l,p,t,a,e,n,b,q,r,k,r,e,t,c2
p,g,n,p,f,f,l,s,b,q,g,d,j,g,h,c2
f,n,n,e,n,e,l,t,k,q,b,i,o,p,a,c1
n,q,b,g,d,d,j,a,h,j,h,a,o,a,f,c4
p,g,t,p,p,j,o,b,b,q,f,i,t,h,i,c2
s,i,e,b,n,n,b,q,q,f,o,r,c,d,e,c3
f,r,n,e,o,s,l,t,a,d,b,q,o,i,r,c1
p,g,m,p,s,i,m,b,b,q,j,m,i,j,h,c2
s,d,n,e,t,d,l,q,o,h,b,p,o,h,a,c1
p,g,g,p,f,n,m,c,b,q,d,l,h,e,o,c2
b,p,n,e,l,t,l,e,k,h,b,g,o,e,q,c1
s,b,t,r,i,c,m,q,o,k,b,r,c,d,c,c3
p,g,c,p,g,p,c,e,b,q,s,k,o,c,n,c2
s,i,q,k,l,n,b,q,t,b,o,r,c,d,l,c3
s,j,l,d,n,o,k,q,j,h,p,r,c,d,j,c3
g,o,i,g,o,d,e,o,h,p,k,a,o,a,c,c4
d,f,c,g,p,g,s,k,m,h,k,q,s,j,b,c5
h,p,i,g,h,d,d,m,h,l,p,a,o,e,n,c4
l,h,g,n,e,g,r,k,m,m,k,q,b,s,m,c5
g,t,n,e,h,a,l,k,n,q,b,r,o,p,i,c1
r,h,a,g,l,d,s,o,h,r,d,a,o,b,m,c4
h,o,d,g,e,d,i,p,h,o,n,a,o,s,e,c4
j,h,n,e,f,n,l,c,g,o,b,r,o,a,q,c1
d,e,q,t,e,g,s,k,m,g,k,q,p,l,o,c5
s,s,s,g,o,d,c,h,h,m,i,a,o,r,e,c4
o,m,o,k,c,g,t,k,m,r,k,q,e,r,g,c5
j,a,n,e,e,r,l,e,l,o,b,r,o,a,d,c1
g,i,d,g,b,d,i,n,h,f,g,a,o,b,r,c4
p,g,e,p,m,l,c,b,b,q,a,f,b,g,e,c2
s,l,n,l,k,j,s,q,b,o,l,r,c,d,g,c3
q,c,n,e,k,q,l,d,f,m,b,p,o,o,i,c1
h,r,b,d,o,g,q,k,m,j,k,q,g,q,s,c5
s,p,c,p,o,o,r,q,i,a,s,r,c,d,j,c3
o,j,t,a,c,g,r,k,m,n,k,q,i,f,h,c5
l,e,m,h,o,g,g,k,m,q,k,q,h,e,a,c5
o,d,n,e,f,c,l,e,l,l,b,c,o,n,t,c1
p,g,a,p,q,l,i,t,b,q,f,t,r,e,p,c2
k,s,p,n,q,g,q,k,m,k,k,q,i,q,a,c5
s,q,n,e,m,f,l,a,t,d,b,r,o,t,r,c1
t,p,g,g,p,d,e,h,h,h,n,a,o,s,n,c4
h,a,g,k,f,g,k,k,m,p,k,q,f,s,k,c5
s,s,k,r,s,e,r,q,n,b,t,r,c,d,d,c3
n,g,n,g,q,d,b,l,h,a,d,a,o,b,b,c4
t,s,r,o,p,g,r,k,m,d,k,q,c,d,r,c5
f,j,n,e,m,g,l,k,t,d,b,p,o,g,m,c1
s,g,f,g,h,d,q,k,h,k,o,a,o,m,g,c4
s,r,n,e,g,b,l,s,e,o,b,j,o,c,n,c1
j,g,a,g,m,d,i,d,h,j,b,a,o,e,b,c4
b,l,g,n,l,g,h,k,m,d,k,q,j,m,m,c5
p,o,n,e,l,r,l,m,k,l,b,n,o,a,b,c1
p,g,a,p,q,c,q,n,b,q,s,p,g,p,g,c2
c,d,e,g,j,d,j,i,h,b,k,a,o,g,a,c4
o,f,n,g,s,d,e,q,h,t,s,a,o,i,t,c4
s,q,f,t,g,o,m,q,k,c,g,r,c,d,o,c3
h,a,n,e,f,e,l,s,b,f,b,r,o,e,l,c1
p,g,s,p,d,f,l,j,b,q,h,q,k,k,o,c2
o,o,a,q,a,g,a,k,m,o,k,q,j,r,a,c5
a,m,p,m,o,g,p,k,m,c,k,q,a,b,g,c5
p,g,n,p,f,k,b,l,b,q,r,d,i,e,n,c2
a,f,i,g,o,d,r,i,h,c,n,a,o,h,a,c4
p,g,e,p,g,t,m,j,b,q,m,b,p,i,j,c2
k,d,n,e,t,a,l,n,i,k,b,j,o,g,s,c1
s,g,f,o,s,p,j,q,c,t,g,r,c,d,n,c3
s,a,n,e,j,g,l,c,e,i,b,a,o,q,o,c1
b,l,n,e,f,e,l,l,i,c,b,f,o,c,a,c1
s,i,b,e,p,e,m,q,s,s,s,r,c,d,r,c3
k,g,t,g,i,d,l,i,h,a,s,a,o,r,m,c4
p,g,e,p,i,c,k,f,b,q,n,j,e,l,e,c2
c,g,g,g,g,d,g,r,h,t,s,a,o,f,c,c4
a,l,n,e,d,c,l,e,m,q,b,g,o,e,m,c1
p,b,g,b,s,g,k,k,m,k,k,q,l,n,t,c5
a,n,n,e,o,k,l,l,s,p,b,s,o,g,f,c1
p,g,m,p,i,s,h,j,b,q,n,a,r,t,i,c2
p,g,h,p,b,k,b,e,b,q,b,b,m,p,q,c2
p,g,a,p,g,n,g,r,b,q,j,p,q,q,o,c2
s,c,p,r,h,q,h,q,k,i,m,r,c,d,g,c3
p,g,l,p,k,n,r,s,b,q,l,s,n,d,q,c2
s,o,o,h,g,e,s,q,a,a,c,r,c,d,e,c3
i,s,o,i,j,g,e,k,m,q,k,q,g,e,b,c5
p,g,k,p,j,d,l,f,b,q,f,l,s,k,j,c2
p,m,n,e,h,j,l,f,q,g,b,f,o,a,g,c1
h,f,n,e,i,q,l,a,a,j,b,m,o,m,h,c1
j,a,n,o,s,g,r,k,m,q,k,q,h,q,q,c5
s,h,j,r,g,f,m,q,d,e,e,r,c,d,i,c3
s,h,q,j,p,g,p,q,h,a,k,r,c,d,a,c3
g,p,n,e,l,k,l,j,d,o,b,l,o,h,h,c1
p,g,a,p,g,d,p,s,b,q,m,f,s,b,t,c2
s,l,t,g,a,f,b,q,a,h,q,r,c,d,t,c3
b,f,n,e,q,j,l,e,k,p,b,d,o,b,t,c1
r,r,b,k,q,g,n,k,m,g,k,q,a,j,l,c5
i,o,t,e,k,g,g,k,m,b,k,q,m,a,g,c5
d,h,m,g,g,d,h,a,h,r,i,a,o,i,j,c4
p,g,k,p,l,q,c,c,b,q,n,t,d,r,q,c2
n,j,b,g,h,d,h,n,h,l,h,a,o,p,b,c4
p,g,p,p,t,s,s,f,b,q,r,a,a,d,n,c2
p,m,n,e,l,i,l,l,f,j,b,l,o,n,o,c1
h,h,r,g,p,d,r,k,h,f,m,a,o,p,f,c4
s,l,n,e,e,a,l,c,f,s,b,j,o,i,r,c1
c,a,b,s,r,g,a,k,m,l,k,q,s,d,a,c5
p,g,c,p,t,e,h,b,b,q,e,e,h,f,b,c2
p,g,o,p,c,n,l,c,b,q,h,p,r,b,e,c2
s,o,l,a,f,c,d,q,h,n,t,r,c,d,r,c3
p,g,l,p,d,a,c,f,b,q,f,o,t,a,b,c2
s,g,k,f,g,a,d,q,n,e,k,r,c,d,n,c3
d,d,k,g,k,d,b,s,h,n,r,a,o,s,m,c4
p,g,g,p,f,g,i,n,b,q,m,d,m,k,p,c2
s,d,s,g,h,d,d,q,i,c,b,r,c,d,t,c3
s,s,f,a,l,i,s,q,k,m,e,r,c,d,d,c3
i,l,k,g,m,d,m,i,h,f,i,a,o,d,d,c4
s,s,t,f,i,r,m,q,c,b,a,r,c,d,c,c3
t,j,n,g,q,d,b,b,h,j,f,a,o,l,j,c4
p,g,m,p,s,t,g,s,b,q,a,a,n,o,j,c2
s,e,d,a,s,r,j,q,a,n,k,r,c,d,m,c3
f,j,n,e,q,c,l,l,b,c,b,h,o,s,s,c1
s,d,r,r,e,g,n,k,m,c,k,q,s,l,a,c5
r,f,i,c,e,g,d,k,m,c,k,q,o,m,r,c5
p,g,c,p,j,r,p,q,b,q,l,o,t,f,b,c2
s,s,f,l,m,o,l,q,f,h,n,r,c,d,f,c3
f,p,k,g,h,d,k,g,h,c,g,a,o,c,k,c4
i,k,n,e,h,q,l,f,d,e,b,d,o,e,f,c1
s,k,o,p,n,h,s,q,e,b,i,r,c,d,q,c3
s,i,i,q,b,h,j,q,l,o,t,r,c,d,i,c3
c,j,n,e,t,q,l,d,n,l,b,q,o,l,o,c1
o,q,p,g,e,d,e,a,h,f,n,a,o,o,t,c4
e,o,e,c,j,g,t,k,m,s,k,q,m,h,p,c5
t,n,n,e,p,n,l,q,d,p,b,r,o,k,q,c1
g,a,p,s,t,g,p,k,m,g,k,q,n,k,o,c5
h,q,i,g,l,d,h,f,h,p,d,a,o,o,g,c4
l,g,n,e,k,h,l,f,b,g,b,t,o,q,f,c1
p,g,h,p,n,c,b,r,b,q,e,h,e,l,q,c2
q,c,j,p,e,g,j,k,m,f,k,q,k,r,q,c5
n,s,s,g,h,d,p,q,h,f,k,a,o,i,s,c4
n,j,n,e,c,k,l,m,k,j,b,a,o,j,s,c1
q,k,q,g,o,d,c,o,h,e,i,a,o,e,a,c4
s,n,q,b,q,m,p,q,t,j,c,r,c,d,f,c3
n,d,r,g,g,d,o,b,h,o,a,a,o,e,r,c4
g,c,n,d,j,g,r,k,m,r,k,q,p,f,l,c5
p,g,k,p,d,h,g,n,b,q,l,l,g,g,m,c2
c,n,n,e,h,p,l,q,a,i,b,t,o,f,b,c1
h,f,n,e,q,p,l,o,c,o,b,p,o,b,h,c1
t,p,f,g,m,d,k,j,h,n,n,a,o,e,t,c4
l,b,m,f,r,g,n,k,m,c,k,q,o,p,i,c5
f,b,j,d,c,g,j,k,m,a,k,q,e,j,q,c5
f,t,n,e,n,n,l,i,p,i,b,j,o,p,m,c1
e,n,f,g,t,d,h,k,h,t,e,a,o,g,d,c4
f,c,j,o,a,g,r,k,m,f,k,q,t,d,e,c5
s,c,b,r,i,m,f,q,s,q,d,r,c,d,c,c3
j,f,e,g,m,d,m,q,h,i,q,a,o,q,q,c4
p,g,g,p,j,q,r,g,b,q,j,q,g,e,p,c2
g,d,q,g,c,d,t,a,h,k,i,a,o,j,p,c4
s,m,r,b,k,n,n,q,p,j,i,r,c,d,b,c3
s,l,h,k,s,j,c,q,f,t,e,r,c,d,n,c3
s,s,o,e,b,p,k,q,o,n,f,r,c,d,k,c3
p,r,n,e,a,i,l,n,c,d,b,h,o,e,j,c1
s,s,r,g,i,k,o,q,k,t,n,r,c,d,t,c3
p,g,p,p,s,o,g,c,b,q,j,k,d,q,n,c2
j,n,n,e,f,e,l,n,g,f,b,f,o,s,g,c1
o,n,n,e,g,n,l,b,o,r,b,a,o,n,p,c1
p,g,a,p,f,g,q,r,b,q,i,o,g,g,k,c2
p,g,r,p,f,p,j,f,b,q,m,l,t,j,d,c2
q,b,l,g,r,g,q,k,m,n,k,q,o,t,i,c5
p,g,i,p,d,b,h,m,b,q,a,e,e,k,j,c2
o,b,n,e,n,j,l,m,o,m,b,s,o,p,q,c1
h,g,n,e,a,m,l,d,s,g,b,f,o,b,k,c1
f,e,i,h,f,g,a,k,m,j,k,q,i,g,k,c5
p,g,r,p,d,a,n,d,b,q,k,t,m,k,l,c2
m,i,m,j,k,g,p,k,m,r,k,q,j,r,e,c5
s,k,b,c,i,a,d,q,k,q,j,r,c,d,b,c3
c,g,l,g,k,g,h,k,m,l,k,q,f,p,r,c5
j,f,c,g,h,d,m,k,h,g,p,a,o,q,d,c4
p,g,b,p,r,q,t,i,b,q,r,j,f,l,q,c2
p,g,n,p,m,d,s,l,b,q,j,s,d,h,d,c2
h,f,p,d,f,g,j,k,m,r,k,q,m,f,p,c5
s,s,a,k,q,a,t,q,a,c,g,r,c,d,n,c3
l,s,o,q,f,g,d,k,m,p,k,q,d,h,l,c5
e,b,n,g,j,d,e,k,h,t,f,a,o,o,n,c4
e,c,n,e,j,f,l,f,d,k,b,n,o,l,a,c1
l,n,i,g,e,d,d,i,h,f,l,a,o,p,f,c4
n,m,n,e,e,j,l,e,c,h,b,a,o,o,n,c1
g,l,s,g,d,d,p,c,h,l,n,a,o,i,f,c4
n,r,q,g,f,d,b,i,h,r,g,a,o,f,s,c4
b,e,m,g,p,d,f,t,h,h,l,a,o,q,m,c4
p,g,j,p,s,t,m,e,b,q,s,s,q,k,r,c2
p,g,b,p,l,t,p,p,b,q,j,b,m,l,l,c2
i,r,g,o,p,g,n,k,m,h,k,q,t,d,j,c5
m,n,p,d,j,g,s,k,m,c,k,q,f,q,q,c5
p,g,b,p,b,p,h,c,b,q,s,o,o,i,j,c2
s,c,g,m,a,q,q,q,m,n,k,r,c,d,t,c3
p,g,d,p,f,q,s,h,b,q,n,s,e,k,n,c2
o,d,a,f,f,g,n,k,m,f,k,q,d,n,m,c5
s,o,r,g,g,d,a,m,h,p,c,a,o,e,c,c4
s,r,b,c,i,i,p,q,m,l,f,r,c,d,f,c3
p,c,n,e,f,h,l,q,s,m,b,h,o,b,f,c1
s,n,t,n,c,l,i,q,p,t,s,r,c,d,s,c3
l,b,j,m,l,g,k,k,m,r,k,q,o,b,g,c5
e,e,j,k,l,g,q,k,m,q,k,q,k,g,q,c5
l,q,n,g,m,d,d,o,h,t,h,a,o,q,l,c4
j,f,n,e,j,e,l,t,j,i,b,c,o,q,i,c1
e,f,n,e,s,t,l,m,t,d,b,s,o,g,p,c1
p,g,k,p,k,a,a,p,b,q,i,s,d,a,r,c2
h,i,k,g,p,d,j,n,h,h,l,a,o,i,m,c4
s,i,r,j,p,d,k,q,o,o,s,r,c,d,l,c3
q,h,p,g,h,d,q,p,h,m,r,a,o,c,e,c4
q,k,a,g,l,d,n,e,h,a,n,a,o,f,e,c4
s,t,q,e,i,c,m,q,f,j,q,r,c,d,m,c3
s,r,i,r,m,a,r,q,p,r,c,r,c,d,r,c3
q,t,o,g,e,d,i,i,h,k,h,a,o,s,i,c4
f,k,n,e,e,s,l,h,t,c,b,d,o,t,r,c1
j,g,n,e,g,q,l,p,c,g,b,s,o,q,j,c1
p,g,a,p,n,h,b,i,b,q,f,b,b,f,f,c2
h,g,n,e,l,d,l,g,t,r,b,m,o,f,k,c1
s,a,f,c,h,d,o,q,q,l,o,r,c,d,g,c3
p,g,q,p,k,h,l,t,b,q,e,b,q,m,s,c2
s,j,c,n,i,g,m,q,o,r,g,r,c,d,p,c3
j,q,n,e,q,c,l,j,o,j,b,q,o,b,j,c1
k,h,i,g,b,d,i,a,h,s,h,a,o,q,p,c4
q,e,s,g,i,d,k,h,h,m,g,a,o,k,h,c4
s,t,j,a,e,p,p,q,e,r,o,r,c,d,n,c3
j,q,n,e,s,l,l,j,b,b,b,o,o,t,r,c1
p,g,s,p,a,b,b,h,b,q,j,c,p,e,p,c2
i,d,n,e,p,b,l,s,l,l,b,h,o,l,k,c1
k,i,f,g,t,d,r,b,h,t,o,a,o,t,k,c4
s,i,m,s,k,i,n,q,e,m,m,r,c,d,s,c3
s,k,o,t,t,g,o,k,m,t,k,q,m,h,s,c5
p,m,n,e,d,t,l,i,f,t,b,n,o,f,t,c1
g,n,l,a,o,g,p,k,m,b,k,q,t,q,l,c5
s,t,d,l,f,c,k,q,s,a,b,r,c,d,q,c3
s,g,r,g,m,t,q,q,m,e,m,r,c,d,f,c3
n,q,p,s,h,g,i,k,m,p,k,q,c,g,c,c5
m,s,i,g,h,d,p,j,h,s,t,a,o,j,p,c4
s,d,g,o,r,d,e,q,a,b,c,r,c,d,c,c3
l,f,n,e,i,h,l,e,h,m,b,n,o,c,e,c1
s,p,o,c,k,p,h,q,g,m,k,r,c,d,c,c3
o,a,k,m,c,g,i,k,m,q,k,q,m,g,h,c5
s,a,s,g,m,e,b,q,l,m,r,r,c,d,m,c3
p,r,n,e,h,d,l,f,d,o,b,j,o,g,j,c1
a,k,c,g,s,d,k,c,h,p,e,a,o,i,n,c4
i,d,s,g,m,d,t,k,h,p,h,a,o,a,g,c4
s,r,o,s,b,d,m,q,o,q,h,r,c,d,h,c3
p,g,m,p,q,i,l,n,b,q,b,g,q,c,n,c2
m,q,f,c,n,g,h,k,m,c,k,q,f,e,e,c5
s,r,d,q,q,j,s,q,t,q,g,r,c,d,p,c3
q,h,j,k,f,g,h,k,m,a,k,q,o,s,r,c5
i,c,s,g,t,d,a,k,h,c,l,a,o,s,l,c4
a,s,k,m,q,g,t,k,m,g,k,q,c,o,f,c5
p,g,l,p,r,q,k,r,b,q,l,q,b,p,n,c2
s,b,m,a,j,k,d,q,k,j,o,r,c,d,n,c3
o,h,n,e,i,k,l,o,t,b,b,f,o,s,g,c1
l,p,n,e,r,m,l,e,s,l,b,q,o,f,c,c1
s,k,p,o,d,d,d,q,p,i,o,r,c,d,q,c3
s,g,g,k,e,e,b,q,h,l,f,r,c,d,d,c3
s,l,t,n,p,h,t,q,j,j,q,r,c,d,b,c3
l,c,n,e,f,j,l,i,k,b,b,p,o,k,o,c1
s,j,i,p,q,m,i,q,q,q,g,r,c,d,r,c3
p,g,h,p,k,i,i,k,b,q,r,o,t,i,l,c2
o,g,f,k,r,g,t,k,m,l,k,q,h,m,q,c5
p,g,l,p,d,h,d,j,b,q,l,g,h,q,q,c2
p,g,k,p,j,g,k,q,b,q,s,h,s,p,e,c2
j,h,l,g,f,g,f,k,m,m,k,q,p,t,c,c5
p,g,i,p,t,c,p,t,b,q,m,o,l,c,k,c2
e,h,n,e,n,a,l,t,o,i,b,f,o,j,f,c1
i,r,n,e,r,n,l,g,r,p,b,h,o,b,d,c1
i,q,k,i,c,g,r,k,m,s,k,q,h,t,p,c5
k,n,n,o,e,g,q,k,m,b,k,q,l,s,g,c5
s,g,d,d,d,k,n,q,p,f,e,r,c,d,b,c3
o,n,n,e,i,b,l,l,k,t,b,k,o,k,g,c1
a,a,g,p,f,g,j,k,m,n,k,q,h,j,o,c5
i,t,n,e,p,l,l,k,q,e,b,n,o,j,e,c1
h,f,a,b,q,g,b,k,m,o,k,q,j,m,l,c5
p,m,g,g,e,d,g,l,h,t,g,a,o,i,l,c4
l,t,n,e,s,j,l,a,r,a,b,c,o,o,o,c1
p,j,n,d,f,g,p,k,m,p,k,q,c,q,s,c5
q,p,k,e,k,g,k,k,m,h,k,q,e,f,g,c5
a,a,n,e,b,d,l,i,o,m,b,p,o,n,o,c1
b,o,l,f,i,g,e,k,m,h,k,q,l,f,e,c5
s,c,i,g,o,d,g,o,h,q,k,a,o,r,r,c4
s,l,p,i,t,c,f,q,n,b,f,r,c,d,s,c3
p,g,a,p,c,l,p,e,b,q,t,a,i,l,a,c2
l,s,g,k,g,g,e,k,m,j,k,q,j,s,o,c5
s,e,r,k,n,b,m,q,l,d,p,r,c,d,m,c3
t,p,a,g,a,d,b,i,h,b,d,a,o,q,d,c4
s,q,k,l,f,m,l,q,o,h,g,r,c,d,c,c3
m,p,t,a,e,g,l,k,m,f,k,q,l,e,q,c5
c,c,m,p,a,g,l,k,m,n,k,q,l,q,h,c5
s,e,e,d,g,q,o,q,f,g,p,r,c,d,j,c3
p,g,o,p,g,n,r,o,b,q,j,f,i,s,k,c2
a,n,b,g,s,d,e,h,h,o,l,a,o,r,c,c4
p,g,a,p,d,n,l,b,b,q,f,t,n,q,s,c2
p,g,p,p,t,m,p,m,b,q,m,o,n,e,i,c2
g,l,a,c,q,g,q,k,m,f,k,q,k,p,q,c5
p,l,n,e,b,r,l,e,o,a,b,k,o,r,j,c1
h,h,n,e,h,i,l,s,q,q,b,f,o,a,m,c1
k,i,j,g,s,d,l,q,h,e,m,a,o,t,o,c4
g,n,h,c,t,g,g,k,m,n,k,q,e,h,i,c5
i,l,r,s,n,g,a,k,m,p,k,q,r,i,l,c5
p,g,j,p,t,h,d,i,b,q,c,n,j,b,o,c2
s,q,n,e,b,d,e,q,o,b,i,r,c,d,i,c3
s,o,l,m,m,h,r,q,j,b,s,r,c,d,l,c3
m,g,k,g,e,d,e,o,h,c,l,a,o,k,k,c4
g,f,n,e,k,q,l,j,f,a,b,e,o,p,a,c1
o,g,s,m,c,g,h,k,m,t,k,q,i,s,d,c5
s,q,h,h,t,h,d,q,g,h,d,r,c,d,m,c3
s,g,l,k,r,b,l,q,h,b,i,r,c,d,f,c3
p,f,b,g,o,d,r,f,h,n,p,a,o,c,o,c4
n,c,o,m,d,g,m,k,m,f,k,q,p,j,t,c5
s,a,c,q,s,r,e,q,i,q,f,r,c,d,h,c3
s,a,n,e,a,s,l,s,a,c,b,g,o,c,i,c1
f,b,a,t,k,g,p,k,m,o,k,q,r,j,h,c5
c,h,n,e,q,c,l,g,d,n,b,q,o,e,c,c1
p,g,j,p,f,l,k,f,b,q,e,o,d,m,p,c2
h,c,l,a,q,g,t,k,m,h,k,q,l,n,b,c5
r,p,t,d,s,g,s,k,m,s,k,q,n,r,h,c5
r,i,c,l,r,g,l,k,m,p,k,q,k,r,d,c5
h,d,n,e,m,e,l,g,a,b,b,a,o,f,t,c1
p,g,n,p,f,e,q,t,b,q,l,n,m,g,i,c2
s,p,s,o,l,t,f,q,c,s,l,r,c,d,j,c3
s,s,d,s,j,b,s,q,d,s,p,r,c,d,j,c3
m,j,h,g,a,d,e,d,h,o,e,a,o,n,l,c4
p,g,j,p,l,q,h,g,b,q,h,n,d,n,s,c2
p,g,a,p,a,l,s,k,b,q,m,t,t,j,l,c2
e,p,n,e,e,o,l,q,e,b,b,c,o,d,q,c1
a,t,n,e,h,i,l,d,s,o,b,n,o,l,r,c1
i,l,r,m,g,g,k,k,m,f,k,q,n,j,h,c5
p,g,n,p,o,f,q,q,b,q,o,e,h,c,s,c2
p,g,k,p,h,b,t,h,b,q,q,p,q,r,g,c2
p,g,k,p,n,e,l,d,b,q,b,i,k,g,p,c2
p,g,c,p,j,a,m,r,b,q,b,m,l,p,o,c2
p,g,r,p,p,c,n,t,b,q,e,j,p,h,h,c2
s,p,q,q,q,l,f,q,t,j,m,r,c,d,k,c3
t,f,n,e,r,m,l,m,t,s,b,c,o,a,n,c1
p,g,b,p,f,s,m,n,b,q,o,g,g,h,i,c2
s,b,e,t,m,h,b,q,k,h,r,r,c,d,r,c3
c,j,s,g,b,d,s,e,h,t,s,a,o,h,p,c4
c,b,n,e,j,c,l,m,l,i,b,t,o,p,o,c1
p,g,t,p,g,o,r,g,b,q,o,b,k,e,t,c2
p,g,i,p,f,s,q,e,b,q,t,r,d,b,l,c2
m,j,n,e,q,k,l,q,m,l,b,n,o,n,t,c1
m,q,n,e,b,g,l,f,i,g,b,c,o,f,e,c1
l,l,a,g,f,d,m,m,h,c,c,a,o,j,o,c4
s,l,q,l,e,h,q,q,a,o,d,r,c,d,m,c3
r,g,n,e,f,k,l,o,d,t,b,g,o,l,i,c1
s,d,m,h,h,b,d,q,d,e,n,r,c,d,g,c3
q,a,n,e,j,d,l,h,h,p,b,o,o,n,m,c1
p,g,n,p,g,k,m,n,b,q,c,h,s,j,n,c2
n,i,j,g,h,d,f,n,h,s,h,a,o,g,b,c4
s,h,n,e,g,d,l,m,d,n,b,t,o,a,a,c1
p,g,q,p,q,c,h,b,b,q,m,g,l,q,a,c2
s,o,n,h,j,c,s,q,f,q,a,r,c,d,i,c3
p,g,i,p,i,h,g,m,b,q,g,b,h,g,l,c2
l,t,g,c,k,g,p,k,m,q,k,q,t,a,h,c5
b,p,d,g,d,d,l,s,h,i,l,a,o,i,m,c4
p,g,f,p,l,b,m,q,b,q,f,a,t,h,h,c2
l,k,n,e,r,b,l,k,f,b,b,q,o,l,h,c1
l,m,d,n,p,g,d,k,m,c,k,q,q,d,a,c5
a,a,k,n,n,g,t,k,m,d,k,q,l,s,n,c5
s,d,k,c,t,e,p,q,r,k,r,r,c,d,c,c3
s,s,k,d,k,q,k,q,g,o,n,r,c,d,h,c3
p,g,b,p,e,i,f,r,b,q,j,s,l,b,n,c2
s,h,p,i,n,n,r,q,p,e,t,r,c,d,n,c3
l,t,n,e,r,j,l,l,a,i,b,k,o,s,i,c1
f,e,n,e,s,s,l,h,o,l,b,n,o,d,a,c1
h,b,h,p,g,g,h,k,m,s,k,q,c,o,h,c5
p,g,c,p,i,k,j,q,b,q,p,a,h,n,b,c2
g,f,k,f,b,g,f,k,m,c,k,q,o,r,a,c5
a,c,t,b,p,g,m,k,m,p,k,q,f,c,r,c5
s,h,i,a,h,r,c,q,e,j,b,r,c,d,j,c3
s,k,h,r,l,e,h,q,a,b,s,r,c,d,d,c3
k,j,b,o,d,g,a,k,m,m,k,q,d,d,g,c5
i,c,n,e,r,f,l,g,m,s,b,t,o,q,e,c1
s,d,t,l,c,g,c,q,o,m,k,r,c,d,e,c3
p,g,t,p,j,f,k,s,b,q,t,q,n,l,k,c2
f,t,r,g,q,d,f,m,h,i,m,a,o,o,j,c4
l,a,m,b,g,g,k,k,m,l,k,q,j,m,p,c5
p,g,b,p,m,h,k,a,b,q,l,q,c,a,g,c2
j,p,n,e,s,k,l,f,k,a,b,a,o,b,k,c1
s,e,a,e,d,d,k,q,f,d,c,r,c,d,s,c3
j,f,n,e,p,c,l,s,b,j,b,c,o,c,d,c1
a,c,n,e,l,r,l,k,h,r,b,c,o,i,d,c1
p,g,l,p,g,b,b,q,b,q,r,k,i,j,t,c2
s,m,l,h,n,c,l,q,k,m,s,r,c,d,m,c3
s,g,s,j,s,b,q,q,s,p,g,r,c,d,t,c3
e,i,n,e,k,m,l,r,g,g,b,a,o,l,p,c1
e,s,m,g,m,d,n,b,h,h,k,a,o,q,e,c4
p,g,l,p,d,e,o,e,b,q,n,i,f,j,g,c2
t,b,n,e,o,b,l,m,k,l,b,c,o,l,n,c1
s,a,h,f,o,d,i,q,e,i,q,r,c,d,h,c3
n,g,n,e,t,m,l,a,b,c,b,o,o,k,k,c1
b,g,d,g,e,d,j,k,h,c,g,a,o,p,d,c4
b,o,o,s,t,g,f,k,m,k,k,q,b,l,g,c5
j,k,t,j,p,g,q,k,m,k,k,q,k,b,a,c5
i,o,n,e,h,e,l,b,d,i,b,r,o,s,h,c1
p,a,c,g,k,d,i,c,h,f,p,a,o,t,j,c4
m,b,n,e,b,j,l,f,s,f,b,g,o,l,r,c1
t,l,c,t,e,g,b,k,m,d,k,q,q,b,q,c5
p,g,r,p,o,c,r,d,b,q,k,r,a,g,j,c2
k,l,h,d,q,g,k,k,m,s,k,q,m,r,a,c5
s,k,q,l,l,j,l,q,h,e,f,r,c,d,j,c3
s,g,t,p,j,o,k,q,r,j,k,r,c,d,p,c3
l,s,n,e,a,o,l,d,g,k,b,n,o,b,k,c1
f,h,n,e,p,k,l,m,k,g,b,i,o,r,a,c1
m,b,t,n,o,g,r,k,m,k,k,q,h,e,b,c5
l,i,p,g,r,d,m,c,h,b,f,a,o,d,k,c4
p,g,e,p,q,l,h,o,b,q,c,q,n,q,p,c2
r,g,n,e,j,q,l,q,s,c,b,m,o,c,b,c1
i,q,t,g,a,d,c,n,h,l,j,a,o,r,h,c4
f,c,d,g,h,d,n,p,h,e,a,a,o,c,q,c4
s,f,r,h,s,a,k,q,d,d,r,r,c,d,f,c3
t,j,t,i,q,g,k,k,m,m,k,q,i,d,p,c5
r,e,d,q,d,g,j,k,m,d,k,q,g,m,d,c5
s,o,n,e,n,t,l,e,g,c,b,d,o,d,p,c1
i,c,a,s,i,g,f,k,m,p,k,q,b,c,r,c5
j,b,c,k,f,g,n,k,m,e,k,q,h,h,s,c5
s,h,g,g,r,d,q,p,h,l,h,a,o,r,f,c4
k,f,t,p,s,g,d,k,m,i,k,q,k,c,q,c5
p,g,t,p,t,n,a,d,b,q,d,d,k,t,b,c2
p,g,j,p,d,d,k,f,b,q,c,e,o,t,n,c2
p,g,g,p,p,k,m,j,b,q,o,d,k,j,o,c2
s,i,s,m,a,o,q,q,e,g,l,r,c,d,f,c3
s,m,p,a,t,k,c,q,c,g,l,r,c,d,i,c3
s,m,o,h,l,r,n,q,l,r,p,r,c,d,j,c3
i,l,n,e,e,o,l,o,n,j,b,r,o,h,d,c1
j,j,c,k,o,g,t,k,m,d,k,q,l,r,a,c5
p,g,n,p,q,n,o,t,b,q,a,p,t,m,s,c2
a,s,n,s,e,g,n,k,m,p,k,q,q,a,i,c5
k,q,i,b,b,g,g,k,m,a,k,q,k,f,j,c5
r,a,h,g,r,d,k,d,h,k,c,a,o,e,j,c4
h,c,n,e,f,n,l,s,a,h,b,f,o,h,s,c1
f,e,n,r,b,g,r,k,m,a,k,q,p,e,r,c5
l,k,c,g,r,d,f,h,h,o,n,a,o,o,o,c4
c,h,g,h,m,g,r,k,m,a,k,q,k,p,s,c5
q,r,h,l,e,g,o,k,m,p,k,q,j,a,b,c5
m,a,n,h,j,g,c,k,m,c,k,q,e,s,d,c5
d,c,d,e,t,g,q,k,m,h,k,q,a,f,c,c5
f,o,t,g,e,d,q,m,h,o,j,a,o,j,n,c4
r,a,m,g,p,d,b,j,h,g,h,a,o,p,k,c4
b,j,n,e,g,a,l,a,a,o,b,t,o,l,t,c1
g,q,n,e,k,b,l,a,j,t,b,e,o,t,q,c1
p,r,n,e,r,a,l,g,g,r,b,d,o,a,c,c1
p,g,q,p,d,h,p,l,b,q,i,m,j,c,o,c2
p,g,e,p,m,b,b,a,b,q,i,t,p,f,g,c2
t,c,o,p,r,g,h,k,m,f,k,q,g,f,t,c5
i,d,n,e,t,f,l,e,e,n,b,q,o,c,i,c1
p,g,t,p,p,i,i,a,b,q,k,d,l,b,p,c2
t,e,l,g,k,d,t,g,h,f,g,a,o,j,g,c4
i,o,c,t,c,g,t,k,m,r,k,q,t,p,h,c5
t,q,o,g,k,d,f,g,h,e,c,a,o,l,s,c4
q,d,i,d,d,g,d,k,m,f,k,q,i,a,r,c5
d,h,n,e,s,i,l,c,a,h,b,k,o,d,b,c1
k,j,n,e,a,f,l,s,h,s,b,b,o,p,q,c1
p,g,d,p,l,d,d,s,b,q,q,p,b,e,i,c2
n,n,a,k,o,g,q,k,m,k,k,q,b,i,d,c5
k,n,g,g,d,d,i,o,h,a,j,a,o,p,n,c4
p,g,c,p,a,p,g,p,b,q,o,i,c,k,c,c2
p,b,b,f,i,g,r,k,m,o,k,q,r,e,b,c5
t,e,n,e,g,c,l,d,c,c,b,e,o,t,q,c1
s,f,j,d,h,n,c,q,n,p,d,r,c,d,i,c3
k,o,i,p,m,g,t,k,m,b,k,q,r,t,i,c5
p,g,m,p,n,k,j,r,b,q,p,c,s,m,c,c2
p,g,t,p,g,e,e,r,b,q,g,m,t,a,c,c2
a,g,c,g,b,d,q,b,h,i,g,a,o,t,o,c4
p,g,f,p,b,t,l,d,b,q,k,f,k,a,e,c2
b,m,g,i,n,g,c,k,m,j,k,q,f,g,i,c5
s,q,d,t,o,g,p,k,m,f,k,q,j,e,b,c5
j,h,l,g,p,d,g,o,h,m,g,a,o,i,l,c4
p,l,a,g,c,d,j,g,h,c,p,a,o,k,i,c4
s,q,g,r,t,g,e,k,m,d,k,q,a,r,m,c5
b,e,t,g,p,d,a,b,h,i,g,a,o,g,h,c4
p,g,e,p,k,j,g,n,b,q,p,n,f,i,t,c2
p,g,i,p,b,s,k,t,b,q,s,q,m,r,s,c2
n,g,e,g,m,d,l,n,h,q,p,a,o,b,s,c4
p,g,p,p,l,g,e,r,b,q,e,j,q,e,a,c2
p,g,f,p,d,g,o,k,b,q,a,m,b,p,s,c2
s,l,b,q,f,e,e,q,q,a,g,r,c,d,t,c3
r,f,h,g,t,d,a,p,h,h,b,a,o,d,c,c4
k,m,c,g,b,d,k,t,h,b,r,a,o,m,a,c4
s,t,d,l,m,j,k,q,g,e,k,r,c,d,f,c3
s,g,n,n,o,d,e,q,d,p,p,r,c,d,j,c3
n,t,r,k,f,g,t,k,m,i,k,q,g,e,r,c5
g,g,p,n,i,g,c,k,m,c,k,q,a,g,k,c5
f,f,m,j,b,g,i,k,m,q,k,q,h,o,k,c5
s,d,c,p,o,g,q,k,m,c,k,q,t,e,m,c5
a,p,f,g,g,g,r,k,m,r,k,q,m,h,s,c5
s,a,a,n,d,i,o,q,n,i,d,r,c,d,a,c3
s,r,o,o,h,d,e,q,p,n,o,r,c,d,o,c3
s,r,n,e,c,j,l,c,e,r,b,s,o,s,o,c1
i,f,h,g,g,d,s,p,h,c,k,a,o,c,a,c4
i,r,n,e,g,b,l,d,k,j,b,i,o,r,r,c1
p,g,i,p,j,a,a,g,b,q,k,n,b,r,a,c2
m,p,o,g,o,d,b,f,h,i,o,a,o,h,m,c4
g,p,f,g,d,d,c,b,h,f,l,a,o,s,s,c4
b,h,m,l,c,g,t,k,m,p,k,q,l,q,a,c5
s,m,h,d,c,q,b,q,f,r,p,r,c,d,e,c3
p,g,l,p,p,a,l,g,b,q,l,j,l,m,q,c2
s,q,m,k,m,d,k,q,k,t,k,r,c,d,f,c3
s,c,f,i,e,f,i,q,e,g,a,r,c,d,e,c3
h,d,n,e,c,c,l,a,s,d,b,f,o,i,h,c1
l,n,q,g,q,d,o,e,h,c,k,a,o,q,d,c4
k,f,g,t,e,g,q,k,m,s,k,q,k,r,j,c5
s,t,o,e,i,t,r,q,m,r,l,r,c,d,b,c3
s,k,f,c,k,o,h,q,h,e,b,r,c,d,e,c3
p,g,d,p,s,a,j,k,b,q,l,m,m,l,t,c2
p,g,c,p,b,q,d,l,b,q,h,s,b,r,c,c2
d,q,n,e,a,s,l,e,p,f,b,f,o,p,m,c1
s,g,m,n,a,g,k,k,m,g,k,q,a,d,f,c5
s,r,p,g,q,n,c,q,g,c,e,r,c,d,p,c3
g,h,q,c,b,g,s,k,m,p,k,q,b,o,b,c5
e,a,n,e,d,b,l,m,f,h,b,n,o,g,e,c1
i,s,r,n,s,g,o,k,m,b,k,q,i,r,k,c5
p,g,e,p,n,b,r,j,b,q,m,n,t,l,c,c2
p,g,j,p,d,j,f,p,b,q,t,h,k,g,n,c2
g,j,p,k,r,g,d,k,m,k,k,q,k,k,i,c5
o,b,n,e,d,h,l,r,o,s,b,s,o,g,e,c1
s,g,q,q,t,i,e,q,i,i,l,r,c,d,a,c3
s,o,b,c,g,d,j,q,n,g,h,r,c,d,b,c3
a,q,d,g,h,d,n,n,h,d,d,a,o,n,h,c4
s,d,m,i,j,o,o,q,m,l,k,r,c,d,a,c3
p,g,t,p,h,r,g,a,b,q,d,d,d,q,q,c2
s,l,f,a,a,g,s,k,m,r,k,q,m,p,c,c5
r,s,h,g,f,d,r,o,h,r,g,a,o,l,e,c4
s,d,h,t,d,h,b,q,c,o,n,r,c,d,c,c3
i,m,n,e,g,s,l,s,c,m,b,b,o,i,j,c1
q,t,h,d,q,g,q,k,m,q,k,q,e,a,f,c5
s,n,n,g,a,q,q,q,m,f,d,r,c,d,a,c3
p,g,o,p,k,n,o,n,b,q,k,j,a,d,e,c2
s,k,b,g,l,d,p,q,b,l,j,r,c,d,o,c3
p,k,p,g,l,d,n,b,h,f,h,a,o,e,n,c4
m,n,h,g,j,d,d,k,h,o,i,a,o,q,k,c4
p,g,p,p,g,l,j,s,b,q,d,k,f,h,s,c2
p,g,n,p,s,q,q,t,b,q,h,a,s,f,c,c2
p,e,i,g,a,g,s,k,m,a,k,q,a,a,q,c5
s,q,g,a,f,g,j,q,a,n,g,r,c,d,p,c3
i,l,o,r,m,g,l,k,m,l,k,q,i,p,d,c5
j,b,n,m,k,g,k,k,m,d,k,q,k,j,j,c5
s,o,m,h,r,g,g,q,s,e,a,r,c,d,d,c3
c,k,j,g,l,d,r,q,h,t,n,a,o,s,h,c4
s,o,g,g,p,d,q,q,h,f,e,a,o,c,h,c4
f,b,n,e,t,q,l,g,f,b,b,s,o,m,g,c1
f,n,n,e,s,m,l,q,n,d,b,i,o,b,t,c1
t,l,o,g,t,d,n,s,h,k,b,a,o,a,h,c4
o,i,n,e,q,l,l,h,d,l,b,n,o,b,c,c1
p,g,o,p,e,f,l,m,b,q,n,n,d,t,e,c2
s,h,j,a,i,i,g,q,b,h,m,r,c,d,p,c3
o,r,n,e,q,s,l,o,o,b,b,e,o,h,d,c1
p,g,c,p,q,t,k,e,b,q,i,s,l,t,r,c2
f,a,n,e,b,n,l,k,e,p,b,r,o,g,i,c1
c,o,n,e,n,j,l,q,f,t,b,f,o,t,l,c1
h,a,n,e,l,g,l,n,a,p,b,t,o,p,b,c1
a,g,m,q,t,g,a,k,m,c,k,q,d,i,c,c5
q,i,n,e,n,b,l,e,n,k,b,d,o,l,n,c1
i,f,s,l,b,g,s,k,m,h,k,q,s,l,o,c5
p,g,h,p,n,t,n,e,b,q,r,l,f,g,i,c2
o,h,n,e,d,p,l,q,j,s,b,s,o,f,r,c1
s,l,n,o,j,f,p,q,a,c,m,r,c,d,k,c3
j,q,t,e,g,g,g,k,m,q,k,q,d,q,s,c5
p,g,f,p,i,b,k,g,b,q,e,f,b,n,n,c2
s,g,i,l,q,k,c,q,q,f,h,r,c,d,t,c3
s,p,p,b,c,j,a,q,l,l,m,r,c,d,k,c3
t,r,b,g,m,d,k,m,h,q,s,a,o,p,d,c4
d,e,r,g,e,d,o,m,h,b,c,a,o,o,f,c4
g,i,n,e,s,q,l,n,l,s,b,k,o,q,b,c1
i,m,j,g,d,d,i,t,h,s,h,a,o,t,c,c4
s,n,o,b,j,g,t,k,m,f,k,q,i,e,k,c5
k,a,n,e,b,i,l,h,q,p,b,m,o,k,t,c1
p,g,k,p,g,m,l,f,b,q,r,j,j,b,o,c2
m,j,g,i,f,g,l,k,m,h,k,q,p,b,f,c5
c,f,n,e,n,e,l,j,o,e,b,j,o,b,m,c1
p,g,g,p,g,t,h,d,b,q,k,e,l,d,i,c2
t,l,k,g,d,d,e,e,h,f,b,a,o,l,n,c4
o,p,j,g,h,d,o,t,h,b,o,a,o,j,r,c4
p,g,o,p,f,a,o,p,b,q,d,e,k,s,o,c2
p,g,o,p,i,a,d,c,b,q,p,f,e,m,p,c2
f,i,l,g,q,d,j,g,h,e,h,a,o,s,j,c4
g,j,t,g,j,d,g,t,h,p,o,a,o,m,s,c4
k,a,n,e,c,k,l,q,l,b,b,f,o,o,r,c1
b,m,r,s,m,g,a,k,m,h,k,q,i,s,p,c5
c,f,n,e,r,k,l,e,k,f,b,h,o,r,g,c1
s,f,q,q,i,t,m,q,f,o,f,r,c,d,h,c3
h,j,t,g,l,d,h,d,h,a,m,a,o,a,j,c4
o,e,n,e,t,g,l,m,r,s,b,c,o,d,e,c1
i,o,t,g,g,d,k,b,h,i,a,a,o,s,c,c4
p,g,l,p,a,j,o,r,b,q,j,n,q,r,p,c2
m,g,g,g,f,d,g,b,h,k,a,a,o,b,p,c4
p,g,q,p,e,q,p,i,b,q,j,p,j,p,d,c2
g,h,j,g,e,d,r,t,h,i,n,a,o,f,q,c4
s,n,a,c,f,r,o,q,q,s,t,r,c,d,o,c3
c,t,n,e,h,l,l,a,p,k,b,f,o,o,a,c1
r,h,n,e,s,p,l,p,e,e,b,c,o,o,t,c1
q,p,l,e,j,g,a,k,m,c,k,q,e,t,b,c5
o,m,g,g,e,d,g,d,h,p,f,a,o,s,a,c4
g,q,n,e,a,h,l,h,c,p,b,g,o,p,n,c1
h,b,n,e,j,q,l,t,p,p,b,b,o,d,b,c1
h,r,a,e,q,g,p,k,m,f,k,q,d,k,s,c5
o,e,r,g,k,d,h,t,h,s,g,a,o,i,j,c4
o,d,n,e,s,p,l,c,o,f,b,q,o,l,o,c1
s,l,l,c,m,l,q,q,l,l,r,r,c,d,j,c3
i,j,j,g,d,g,k,k,m,j,k,q,q,e,t,c5
p,q,h,h,p,g,q,k,m,c,k,q,q,t,m,c5
s,l,g,g,d,d,l,a,h,o,b,a,o,n,j,c4
a,g,d,h,h,g,p,k,m,a,k,q,r,e,e,c5
o,a,a,g,b,d,o,m,h,h,r,a,o,l,o,c4
p,g,t,p,n,f,b,d,b,q,n,h,r,r,b,c2
s,q,q,s,p,p,p,q,m,l,g,r,c,d,l,c3
s,l,r,l,m,q,j,q,c,d,k,r,c,d,a,c3
s,m,o,e,k,a,j,q,e,d,k,r,c,d,f,c3
s,i,o,g,r,d,h,k,h,i,j,a,o,i,q,c4
p,g,j,p,l,d,k,s,b,q,i,m,n,o,b,c2
k,i,l,f,p,g,b,k,m,j,k,q,m,g,k,c5
l,g,m,l,c,g,i,k,m,g,k,q,e,i,r,c5
s,k,k,d,j,d,j,q,d,m,d,r,c,d,q,c3
b,l,a,g,g,d,k,t,h,e,r,a,o,h,b,c4
h,p,n,e,r,i,l,j,o,t,b,o,o,k,g,c1
r,l,n,e,b,b,l,f,m,i,b,d,o,h,e,c1
j,f,q,a,k,g,m,k,m,f,k,q,j,i,a,c5
q,j,e,k,g,g,s,k,m,b,k,q,b,b,f,c5
p,c,r,g,m,d,a,j,h,o,g,a,o,l,o,c4
t,f,n,e,d,a,l,d,h,m,b,a,o,g,q,c1
s,p,d,e,a,l,q,q,j,p,g,r,c,d,i,c3
p,g,o,p,q,a,j,n,b,q,d,q,l,b,a,c2
l,b,n,e,b,b,l,a,s,m,b,c,o,o,e,c1
s,h,a,o,c,p,k,q,a,s,p,r,c,d,h,c3
i,c,g,g,o,d,f,e,h,q,j,a,o,g,j,c4
s,s,n,e,c,a,m,q,n,b,a,r,c,d,i,c3
o,h,f,o,c,g,s,k,m,p,k,q,i,i,s,c5
s,m,b,e,r,k,n,q,k,r,f,r,c,d,q,c3
s,t,j,g,s,a,t,q,i,o,t,r,c,d,q,c3
s,c,s,s,l,s,e,q,h,c,q,r,c,d,s,c3
s,c,c,c,p,c,b,q,f,h,j,r,c,d,i,c3
l,m,n,e,q,q,l,g,h,o,b,m,o,n,h,c1
p,g,q,p,l,n,q,o,b,q,n,k,e,e,a,c2
p,g,c,p,f,r,e,t,b,q,i,m,p,h,a,c2
s,e,d,s,t,o,c,q,n,k,k,r,c,d,l,c3
h,b,l,g,g,g,m,k,m,i,k,q,i,h,n,c5
p,g,s,p,m,t,q,q,b,q,m,j,l,i,r,c2
p,g,k,p,g,s,m,b,b,q,d,r,h,p,c,c2
p,g,t,p,n,n,b,t,b,q,f,k,m,l,d,c2
a,k,n,e,l,n,l,a,n,g,b,e,o,o,m,c1
p,g,i,p,n,t,h,o,b,q,h,s,a,e,o,c2
p,g,j,p,c,t,q,g,b,q,j,i,j,r,o,c2
s,n,c,j,n,f,j,q,p,f,e,r,c,d,b,c3
j,l,d,g,i,d,j,e,h,n,b,a,o,d,c,c4
h,d,h,s,o,g,e,k,m,k,k,q,i,l,a,c5
p,g,s,p,f,n,e,r,b,q,a,j,m,s,c,c2
s,m,j,p,o,l,o,q,k,a,d,r,c,d,d,c3
b,o,n,e,a,e,l,t,f,m,b,r,o,o,c,c1
s,i,n,o,g,j,d,q,h,p,f,r,c,d,l,c3
p,g,d,p,d,t,p,i,b,q,m,d,f,m,q,c2
r,r,l,r,l,g,k,k,m,e,k,q,r,p,i,c5
q,r,n,e,t,a,l,b,q,n,b,r,o,f,t,c1
m,f,t,g,s,d,m,t,h,c,j,a,o,c,d,c4
s,k,t,p,i,g,e,k,m,b,k,q,m,k,m,c5
p,g,o,p,k,e,p,l,b,q,l,f,s,f,b,c2
p,g,j,p,j,s,s,l,b,q,c,i,a,g,c,c2
m,b,f,g,k,d,l,m,h,c,d,a,o,g,h,c4
t,k,n,e,e,i,l,s,c,e,b,i,o,r,s,c1
p,g,e,p,e,i,p,t,b,q,d,d,p,a,b,c2
s,r,s,q,a,d,n,q,s,k,m,r,c,d,m,c3
n,k,o,q,i,g,p,k,m,d,k,q,q,f,b,c5
j,i,h,t,r,g,e,k,m,q,k,q,a,m,a,c5
p,g,g,p,i,n,h,g,b,q,c,i,e,n,e,c2
p,m,s,m,t,g,s,k,m,i,k,q,i,a,o,c5
t,j,k,f,i,g,j,k,m,k,k,q,m,q,h,c5
s,e,n,k,q,q,h,q,o,t,l,r,c,d,s,c3
s,p,d,b,l,m,n,q,k,g,q,r,c,d,l,c3
p,h,m,k,s,g,k,k,m,s,k,q,e,k,o,c5
p,g,f,p,b,h,l,f,b,q,r,l,b,a,k,c2
s,s,n,o,p,p,m,q,m,a,t,r,c,d,f,c3
m,n,n,m,o,g,r,k,m,k,k,q,i,r,j,c5
e,c,t,q,m,g,e,k,m,e,k,q,b,e,r,c5
i,t,h,g,j,d,f,l,h,c,q,a,o,e,q,c4
q,b,n,e,d,n,l,e,q,i,b,o,o,k,l,c1
t,k,n,e,a,q,l,m,t,g,b,b,o,n,g,c1
a,c,s,d,r,g,q,k,m,j,k,q,k,s,t,c5
f,d,o,d,p,g,l,k,m,c,k,q,s,e,n,c5
t,r,p,g,p,d,n,c,h,f,m,a,o,m,l,c4
s,m,e,m,t,b,m,q,o,p,l,r,c,d,s,c3
s,n,f,j,q,k,c,q,i,f,s,r,c,d,p,c3
j,m,s,i,m,g,i,k,m,g,k,q,h,o,t,c5
e,c,n,e,n,j,l,k,h,p,b,j,o,s,b,c1
o,b,n,e,b,q,l,l,b,d,b,s,o,j,c,c1
h,o,f,o,m,g,i,k,m,h,k,q,o,f,r,c5
p,g,e,p,h,a,r,r,b,q,a,l,s,f,r,c2
q,q,s,g,e,d,d,p,h,b,k,a,o,t,s,c4
a,o,q,p,b,g,m,k,m,c,k,q,o,b,j,c5
p,g,i,p,e,k,a,s,b,q,d,m,j,d,p,c2
p,t,n,e,m,l,l,j,a,r,b,k,o,d,l,c1
h,m,n,g,q,d,n,f,h,l,i,a,o,q,b,c4
s,b,p,b,t,q,o,q,m,e,i,r,c,d,e,c3
j,n,c,n,e,g,i,k,m,n,k,q,i,f,h,c5
b,c,o,g,d,d,o,r,h,q,b,a,o,k,l,c4
p,g,b,p,f,l,q,a,b,q,e,t,h,j,d,c2
s,h,l,k,m,c,f,q,e,g,g,r,c,d,o,c3
p,g,b,p,h,m,e,q,b,q,j,k,d,b,d,c2
p,g,d,p,a,m,s,k,b,q,r,j,m,c,p,c2
i,p,n,e,p,n,l,d,n,a,b,e,o,q,d,c1
k,e,t,g,i,d,c,n,h,o,b,a,o,h,p,c4
f,g,k,g,s,d,i,o,h,a,t,a,o,m,m,c4
p,g,m,p,s,d,h,h,b,q,h,f,r,q,n,c2
n,o,s,g,d,d,k,q,h,g,n,a,o,i,h,c4
p,d,j,m,d,g,a,k,m,h,k,q,c,b,k,c5
p,g,e,p,l,n,j,j,b,q,c,n,j,l,o,c2
b,k,o,g,n,d,g,i,h,h,r,a,o,p,m,c4
s,t,n,e,e,f,l,g,b,j,b,l,o,f,m,c1
c,r,d,j,j,g,k,k,m,s,k,q,i,a,l,c5
s,p,t,q,i,k,p,q,l,l,n,r,c,d,o,c3
p,g,n,p,f,r,m,m,b,q,q,r,t,n,m,c2
p,g,j,p,i,b,k,f,b,q,e,e,r,r,p,c2
e,b,g,g,d,d,f,g,h,p,m,a,o,a,t,c4
o,m,d,q,f,g,t,k,m,g,k,q,c,f,i,c5
p,g,d,p,p,r,o,l,b,q,j,l,a,b,a,c2
r,l,c,l,r,g,d,k,m,p,k,q,q,g,f,c5
q,e,q,j,s,g,n,k,m,q,k,q,a,c,s,c5
p,g,b,p,e,j,j,b,b,q,b,h,l,k,g,c2
s,r,l,l,q,f,p,q,g,o,i,r,c,d,r,c3
s,e,n,l,e,i,l,q,t,e,r,r,c,d,h,c3
h,d,n,e,j,m,l,o,r,i,b,i,o,s,n,c1
t,q,g,l,g,g,q,k,m,j,k,q,i,g,g,c5
s,b,j,i,c,e,b,q,t,r,q,r,c,d,f,c3
c,s,q,t,j,g,e,k,m,c,k,q,g,q,c,c5
p,g,l,p,k,g,e,p,b,q,h,b,m,e,f,c2
d,l,n,e,n,r,l,h,l,n,b,t,o,a,k,c1
d,s,l,g,h,d,a,o,h,a,b,a,o,f,q,c4
t,s,i,s,g,g,h,k,m,s,k,q,c,n,q,c5
d,t,n,e,j,j,l,m,j,h,b,g,o,r,t,c1
p,g,m,p,s,l,r,o,b,q,l,h,h,o,e,c2
s,l,g,t,g,a,o,q,d,s,q,r,c,d,q,c3
i,i,d,q,e,g,s,k,m,s,k,q,s,g,s,c5
c,h,d,g,b,d,j,p,h,q,k,a,o,t,q,c4
s,r,k,g,i,d,m,d,h,l,m,a,o,n,h,c4
g,a,j,b,c,g,j,k,m,h,k,q,k,b,d,c5
s,f,s,k,k,g,i,q,n,a,d,r,c,d,r,c3
s,a,n,f,f,b,c,q,t,c,g,r,c,d,g,c3
t,n,l,g,f,d,i,d,h,d,k,a,o,a,e,c4
o,c,n,e,a,p,l,a,d,s,b,p,o,j,a,c1
o,g,p,j,q,g,g,k,m,s,k,q,c,s,f,c5
l,d,n,e,o,t,l,j,l,a,b,o,o,b,j,c1
s,t,d,j,g,o,r,q,s,m,t,r,c,d,s,c3
p,g,d,p,a,e,p,h,b,q,q,i,d,g,d,c2
s,j,o,n,p,o,m,q,c,c,a,r,c,d,h,c3
s,c,t,q,s,q,q,q,c,e,s,r,c,d,b,c3
e,m,m,h,h,g,s,k,m,j,k,q,s,h,o,c5
p,g,q,p,d,c,o,c,b,q,k,h,l,s,t,c2
k,p,i,g,q,d,j,p,h,a,l,a,o,j,q,c4
s,k,l,f,f,c,f,q,l,a,g,r,c,d,g,c3
t,l,n,e,s,e,l,p,b,o,b,j,o,m,j,c1
d,i,g,d,q,g,p,k,m,i,k,q,r,i,p,c5
o,t,e,c,k,g,f,k,m,h,k,q,h,e,o,c5
d,e,n,e,n,i,l,l,a,m,b,g,o,s,g,c1
e,b,g,j,l,g,o,k,m,d,k,q,c,n,s,c5
s,f,p,d,e,c,j,q,p,l,o,r,c,d,s,c3
p,r,n,e,o,o,l,a,m,j,b,g,o,h,k,c1
s,a,b,d,d,g,a,q,k,m,n,r,c,d,k,c3
a,s,n,e,k,i,l,b,h,g,b,h,o,a,o,c1
q,m,c,g,h,g,e,k,m,o,k,q,h,t,p,c5
i,m,k,g,m,d,g,d,h,m,r,a,o,d,r,c4
p,g,m,p,d,t,t,s,b,q,g,b,l,p,k,c2
g,s,l,g,l,d,n,t,h,c,a,a,o,f,l,c4
b,f,n,e,d,t,l,g,k,m,b,h,o,b,f,c1
i,k,h,g,g,g,h,k,m,l,k,q,a,l,t,c5
a,r,b,g,b,d,t,g,h,g,b,a,o,n,s,c4
p,g,k,p,l,e,o,s,b,q,g,a,o,o,g,c2
s,h,n,e,p,r,l,c,t,h,b,c,o,e,h,c1
h,m,n,e,a,l,l,s,n,j,b,n,o,h,p,c1
p,g,h,p,l,k,t,n,b,q,q,d,g,e,b,c2
s,g,n,e,m,i,l,s,b,r,b,a,o,b,p,c1
s,a,i,r,c,b,n,q,p,d,o,r,c,d,d,c3
s,i,t,k,o,s,p,q,e,q,c,r,c,d,d,c3
h,p,s,g,m,d,g,i,h,g,g,a,o,c,s,c4
s,t,f,f,n,k,c,q,k,q,k,r,c,d,i,c3
q,o,n,e,q,f,l,p,e,e,b,n,o,o,q,c1
s,j,d,g,k,d,e,a,h,a,d,a,o,o,h,c4
p,g,e,p,b,l,o,r,b,q,a,p,s,e,i,c2
l,f,n,e,b,q,l,s,k,a,b,p,o,i,m,c1
p,b,n,e,f,b,l,n,i,d,b,l,o,e,f,c1
e,a,l,t,q,g,m,k,m,p,k,q,s,e,k,c5
m,t,n,e,c,b,l,c,t,i,b,s,o,j,a,c1
d,c,b,k,s,g,m,k,m,k,k,q,t,e,q,c5
m,g,o,g,s,d,n,t,h,j,s,a,o,g,h,c4
s,s,g,j,f,t,e,q,r,a,o,r,c,d,t,c3
p,g,g,p,n,k,f,e,b,q,d,g,i,j,h,c2
h,r,n,e,b,e,l,h,e,t,b,p,o,g,b,c1
s,c,q,j,b,m,o,q,n,g,a,r,c,d,i,c3
p,g,b,p,h,q,r,n,b,q,j,s,j,b,e,c2
j,f,j,o,g,g,b,k,m,r,k,q,a,s,k,c5
p,g,a,p,a,j,j,k,b,q,r,o,i,f,c,c2
p,g,c,p,j,r,e,i,b,q,s,g,e,f,n,c2
s,r,h,q,s,e,m,q,i,s,f,r,c,d,h,c3
p,g,l,p,r,a,o,q,b,q,c,f,h,l,a,c2
c,d,n,e,f,d,l,m,d,r,b,t,o,b,g,c1
f,c,n,e,m,m,l,f,b,e,b,j,o,i,h,c1
k,c,n,g,e,d,m,q,h,l,f,a,o,t,c,c4
p,g,t,p,b,q,f,d,b,q,j,m,n,h,k,c2
e,q,j,l,p,g,n,k,m,h,k,q,c,b,a,c5
h,t,r,e,a,g,m,k,m,j,k,q,s,b,p,c5
b,l,f,t,r,g,s,k,m,j,k,q,j,q,f,c5
m,b,k,g,k,d,p,g,h,r,r,a,o,q,j,c4
j,e,t,g,p,d,t,m,h,n,l,a,o,h,a,c4
s,e,e,g,q,t,d,q,o,c,t,r,c,d,l,c3
p,g,o,p,k,t,s,j,b,q,k,e,t,e,i,c2
s,k,j,n,c,m,s,q,k,d,g,r,c,d,f,c3
p,g,p,p,r,o,p,t,b,q,n,h,a,r,l,c2
g,b,o,g,m,d,l,j,h,c,r,a,o,l,m,c4
s,h,c,l,g,g,p,k,m,a,k,q,i,s,b,c5
p,g,b,p,e,k,o,m,b,q,f,o,i,g,i,c2
d,s,e,g,h,d,s,c,h,c,c,a,o,i,i,c4
f,o,e,o,l,g,g,k,m,c,k,q,a,r,p,c5
s,d,g,t,t,e,g,q,f,r,m,r,c,d,j,c3
s,c,r,h,n,n,t,q,m,f,b,r,c,d,c,c3
p,g,a,p,l,i,m,s,b,q,d,p,j,e,c,c2
i,j,n,e,r,f,l,l,m,r,b,e,o,q,a,c1
s,o,m,m,p,d,r,q,d,k,c,r,c,d,m,c3
p,g,t,p,k,c,t,g,b,q,s,g,e,t,b,c2
p,g,j,p,r,n,q,l,b,q,l,h,q,m,m,c2
s,a,d,i,a,i,d,q,l,t,q,r,c,d,s,c3
s,s,e,b,b,b,o,q,q,c,j,r,c,d,g,c3
f,e,s,a,i,g,r,k,m,g,k,q,s,r,f,c5
l,q,n,e,k,o,l,j,q,t,b,l,o,s,c,c1
r,e,a,s,d,g,e,k,m,c,k,q,i,t,c,c5
p,g,p,p,a,s,j,b,b,q,n,l,p,l,s,c2
t,h,s,g,a,d,p,b,h,o,m,a,o,f,n,c4
p,g,c,p,e,o,c,d,b,q,a,s,q,p,a,c2
p,g,e,p,o,i,g,e,b,q,p,m,i,o,l,c2
d,t,f,g,f,d,a,m,h,e,r,a,o,d,n,c4
s,k,s,s,p,o,i,q,j,b,i,r,c,d,g,c3
p,p,s,g,f,g,o,k,m,s,k,q,o,f,k,c5
p,g,l,p,b,c,s,m,b,q,e,g,c,j,g,c2
d,l,r,g,h,d,g,i,h,m,m,a,o,e,s,c4
s,n,s,o,p,m,a,q,q,r,h,r,c,d,h,c3
g,b,n,e,p,e,l,l,h,n,b,e,o,t,t,c1
g,h,f,g,s,d,e,t,h,n,o,a,o,b,a,c4
p,g,i,p,c,q,s,h,b,q,o,p,j,k,g,c2
s,b,l,l,d,m,g,q,l,n,g,r,c,d,a,c3
c,j,a,g,f,d,i,j,h,i,j,a,o,m,q,c4
s,g,r,d,h,t,n,q,s,a,d,r,c,d,p,c3
n,j,n,e,b,b,l,g,o,a,b,i,o,m,c,c1
s,t,d,k,i,t,s,q,b,i,r,r,c,d,q,c3
p,g,j,p,j,q,o,f,b,q,l,g,c,k,n,c2
g,l,a,g,p,d,s,r,h,f,d,a,o,d,n,c4
p,g,f,p,o,q,l,n,b,q,f,d,a,l,b,c2
s,g,k,q,e,m,s,q,c,m,d,r,c,d,c,c3
r,a,h,o,g,g,i,k,m,p,k,q,r,o,m,c5
p,g,p,p,g,r,e,s,b,q,c,l,d,r,f,c2
h,n,j,k,h,g,r,k,m,p,k,q,o,t,f,c5
e,i,p,j,g,g,o,k,m,h,k,q,m,d,t,c5
i,b,n,e,c,a,l,b,o,i,b,t,o,t,q,c1
e,t,n,e,k,e,l,f,r,e,b,k,o,n,r,c1
p,g,q,p,p,f,f,i,b,q,c,j,c,g,i,c2
p,g,g,p,s,j,b,e,b,q,b,o,f,j,a,c2
j,l,m,g,j,d,l,f,h,g,s,a,o,j,h,c4
p,d,d,n,t,g,q,k,m,h,k,q,q,d,b,c5
k,r,i,p,n,g,h,k,m,k,k,q,i,l,f,c5
s,o,i,q,t,k,i,q,e,n,g,r,c,d,q,c3
p,g,o,p,k,t,q,l,b,q,e,g,g,c,h,c2
e,e,a,e,n,g,f,k,m,i,k,q,d,h,o,c5
l,j,d,g,p,d,f,k,h,i,r,a,o,t,f,c4
p,g,p,p,t,n,m,m,b,q,g,o,s,a,i,c2
c,n,n,e,l,q,l,g,n,l,b,e,o,t,c,c1
a,q,n,e,e,b,l,d,e,d,b,a,o,k,e,c1
t,p,n,e,s,l,l,d,b,g,b,e,o,b,n,c1
n,k,d,l,t,g,k,k,m,r,k,q,q,s,b,c5
p,g,a,p,q,n,b,n,b,q,a,e,t,q,a,c2
s,p,s,t,i,g,p,q,p,d,g,r,c,d,o,c3
s,g,g,o,h,j,h,q,d,g,q,r,c,d,l,c3
h,r,n,e,q,o,l,p,r,l,b,h,o,f,c,c1
n,s,n,e,g,n,l,e,i,q,b,a,o,h,c,c1
j,m,n,e,d,m,l,l,c,p,b,p,o,p,p,c1
g,s,l,g,n,g,q,k,m,j,k,q,d,c,k,c5
f,t,c,q,j,g,o,k,m,i,k,q,l,g,o,c5
s,e,j,b,l,g,a,k,m,k,k,q,a,c,h,c5
s,d,e,e,l,h,g,q,q,i,i,r,c,d,h,c3
j,f,n,e,i,a,l,k,s,j,b,h,o,q,c,c1
p,g,a,p,a,o,k,e,b,q,e,c,t,l,p,c2
s,c,b,g,k,g,d,k,m,l,k,q,e,b,p,c5
p,g,t,p,e,n,a,f,b,q,q,s,s,o,a,c2
p,g,e,p,j,g,g,j,b,q,a,f,i,l,b,c2
s,r,c,c,g,g,l,q,j,i,q,r,c,d,b,c3
p,c,n,e,a,c,l,h,c,n,b,k,o,d,d,c1
f,n,n,e,t,b,l,m,l,h,b,i,o,l,c,c1
s,b,k,p,g,m,p,q,f,a,i,r,c,d,g,c3
p,g,i,p,j,n,o,q,b,q,d,o,d,n,h,c2
s,d,a,g,f,d,i,m,h,c,i,a,o,j,a,c4
s,b,q,p,k,e,q,q,r,b,e,r,c,d,n,c3
s,p,p,m,s,e,f,q,m,q,o,r,c,d,k,c3
s,o,j,h,d,r,f,q,m,n,o,r,c,d,g,c3
b,e,n,e,j,s,l,d,o,m,b,m,o,d,i,c1
h,k,f,o,o,g,c,k,m,q,k,q,k,q,t,c5
h,r,e,q,f,g,h,k,m,s,k,q,n,i,q,c5
j,p,n,e,k,e,l,t,p,a,b,k,o,p,g,c1
c,c,n,e,d,d,l,s,s,o,b,g,o,b,j,c1
c,q,r,g,q,d,c,p,h,k,k,a,o,k,c,c4
g,a,d,g,s,d,g,o,h,l,g,a,o,a,n,c4
p,g,p,p,r,e,k,n,b,q,p,o,d,g,c,c2
i,i,n,e,d,j,l,c,k,d,b,h,o,g,q,c1
i,m,f,g,e,d,b,f,h,t,r,a,o,a,c,c4
f,c,j,g,f,d,b,q,h,m,q,a,o,j,d,c4
b,s,n,e,e,n,l,d,d,i,b,c,o,i,s,c1
s,s,j,l,l,p,s,q,h,l,i,r,c,d,n,c3
p,g,d,p,c,o,p,p,b,q,q,o,c,m,l,c2
p,i,s,g,b,d,b,g,h,l,g,a,o,s,k,c4
r,o,h,g,k,d,r,l,h,g,s,a,o,d,k,c4
t,b,r,g,s,d,l,j,h,k,d,a,o,s,n,c4
d,q,n,e,n,f,l,h,p,e,b,h,o,l,p,c1
t,k,f,m,l,g,n,k,m,g,k,q,q,t,o,c5
e,o,n,e,l,b,l,f,m,h,b,p,o,m,b,c1
p,g,q,p,r,t,l,d,b,q,g,a,q,p,f,c2
s,t,c,q,i,g,g,k,m,i,k,q,j,p,k,c5
p,g,t,p,l,l,l,a,b,q,j,h,g,q,i,c2
b,k,j,l,q,g,p,k,m,k,k,q,m,k,m,c5
s,c,h,g,t,d,b,i,h,e,b,a,o,c,j,c4
p,g,d,p,s,d,a,e,b,q,o,r,t,q,r,c2
s,c,p,k,q,h,p,q,q,n,f,r,c,d,e,c3
p,g,q,p,p,c,e,i,b,q,r,p,p,m,e,c2
s,j,k,p,l,k,n,q,b,p,l,r,c,d,i,c3
c,d,t,t,i,g,k,k,m,q,k,q,a,e,k,c5
o,l,c,s,o,g,f,k,m,n,k,q,d,l,e,c5
o,h,i,g,f,d,f,k,h,g,t,a,o,p,d,c4
s,b,m,h,h,o,c,q,l,c,h,r,c,d,n,c3
s,e,k,e,c,o,g,q,m,r,a,r,c,d,p,c3
q,t,n,e,e,p,l,c,r,a,b,g,o,o,l,c1
p,g,r,p,h,s,c,t,b,q,s,t,h,a,o,c2
p,g,l,p,m,m,f,h,b,q,m,j,d,o,j,c2
p,g,m,p,h,h,f,j,b,q,t,q,j,a,r,c2
s,s,a,n,t,b,m,q,m,b,r,r,c,d,j,c3
e,g,r,g,g,d,i,r,h,l,p,a,o,p,j,c4
q,o,n,e,e,q,l,n,s,g,b,m,o,t,i,c1
n,n,e,m,k,g,m,k,m,q,k,q,m,q,a,c5
j,l,m,d,q,g,g,k,m,c,k,q,h,t,j,c5
q,t,n,e,l,i,l,h,s,g,b,f,o,o,r,c1
m,d,k,s,m,g,l,k,m,i,k,q,h,s,b,c5
m,p,h,g,j,d,e,a,h,g,j,a,o,t,i,c4
h,m,p,g,f,d,p,g,h,e,p,a,o,n,q,c4
i,o,n,e,l,m,l,h,h,k,b,t,o,j,a,c1
p,g,b,p,t,f,g,d,b,q,c,t,h,m,f,c2
p,g,b,p,t,t,t,k,b,q,o,j,h,d,t,c2
c,h,l,k,o,g,e,k,m,f,k,q,d,p,f,c5
k,b,m,e,f,g,t,k,m,f,k,q,b,p,k,c5
p,q,e,t,s,g,k,k,m,i,k,q,s,j,h,c5
t,d,l,i,t,g,j,k,m,t,k,q,p,m,g,c5
s,d,l,g,e,j,f,q,q,e,k,r,c,d,t,c3
q,h,s,d,d,g,b,k,m,s,k,q,m,a,d,c5
b,n,n,e,f,h,l,n,e,k,b,f,o,s,s,c1
l,q,r,g,b,d,d,q,h,f,h,a,o,h,k,c4
s,b,q,i,e,g,b,k,m,c,k,q,p,d,m,c5
p,f,n,e,k,e,l,q,i,l,b,d,o,l,p,c1
d,a,g,g,a,d,j,r,h,i,p,a,o,g,e,c4
s,i,i,t,k,k,g,q,g,q,f,r,c,d,k,c3
p,g,l,p,d,f,t,h,b,q,h,d,q,s,c,c2
p,g,i,p,r,b,k,a,b,q,f,c,b,s,q,c2
l,l,p,i,m,g,p,k,m,q,k,q,s,h,q,c5
s,n,c,m,g,d,p,q,f,n,c,r,c,d,t,c3
p,g,b,p,e,m,b,g,b,q,s,g,a,f,c,c2
l,k,n,e,m,o,l,l,d,k,b,a,o,m,n,c1
g,g,h,l,n,g,b,k,m,q,k,q,g,f,k,c5
d,g,l,g,h,d,c,o,h,p,r,a,o,o,n,c4
h,o,n,e,n,f,l,k,j,e,b,m,o,s,t,c1
p,g,n,p,d,q,c,k,b,q,i,l,f,p,i,c2
